name,email,year,month,day
Test,test@email.com,1961,12,21
Rosi,rosi@email.com,1982,5,13
Bishek,bishek@email.com,1992,5,3
AliceWalker,alice.walker@email.com,1985,04,12
BrianLee,brian.lee@email.com,1972,09,30
CynthiaHall,cynthia.hall@email.com,1991,01,08
DerekYoung,derek.young@email.com,1968,07,19
EvaGreen,eva.green@email.com,2000,11,25
FrankMoore,frank.moore@email.com,1959,03,14
GraceKing,grace.king@email.com,1988,06,02
HenryScott,henry.scott@email.com,1976,10,17
IsabellaPerez,isabella.perez@email.com,1995,08,21
JasonTurner,jason.turner@email.com,1982,12,05